category_name,item_id,item_name,price,item_code,barcode,tags,inventory_tags
EVENT MENU ,2931224,AFFOGATO,30,,,,
THE BUNDLES,3102213,Box of 12 Brunettes,115,,,,
THE BUNDLES.,2935356,Box of 12 Brunettes,115,,,,
THE BUNDLES,2935322,Bundle of 4,50,,,,
Delivery Fee,2948440,Delivery Fee AED 15,15,,,,
The Special Edition Dove x BMD,3012029,Dove × BMD,30,,,,
EVENT MENU ,3022043,Dove × BMD Sugar Cookie,25,,,,
THE GREETING CARDS,2902828,Hey You!,10,,,The Greeting Cards,
THE BARS,2902814,The Blondie (Served Cold),23,,,The Bars,
THE GLUTEN FREE,2902802,The Gluten G,16,,,The Gluten Free,
THE TINS,2902808,The Lil' Titos,85,,,The Tins,
THE LEGENDS,2902792,The OG Cookie,13,,,The Legends,
THE XL COLLECTION ,3031839,The One for Gifting (The Lil Tito’s),300,,,,
THE ICE CREAMS.,2956552,The One That Started It All (Single Serving),15,,,,
THE ICE CREAMS,2902820,The One That Started It All (Single Serving),15,,,The Ice Creams,
Ziina Violet x BMD,2975327,Ziina Box of 4 Cookies,50.1,,,,
EVENT MENU ,2931194,AMERICANIO,15,,,,
THE BUNDLES,3102215,Box of 12 OGs,115,,,,
THE BUNDLES.,2935357,Box of 12 OGs,115,,,,
THE BUNDLES,2935323,Bundle of 8,90,,,,
Delivery Fee,2948441, Delivery Fee AED 20,20,,,,
THE GREETING CARDS,2902827,Happy Birthday,10,,,The Greeting Cards,
THE BARS,2902811,The Brownie (Served Cold),23,,,The Bars,
THE LEGENDS,2902793,The Brunette Cookie,13,,,The Legends,
THE ICE CREAMS,2946745, The Brunette Love Story (single serving ),15,,,,
THE ICE CREAMS.,2956542,The Brunette Love Story (single serving ),15,,,,
THE TINS,2902809,The Lil' Titos Mix,85,,,The Tins,
THE XL COLLECTION ,3043023,The One For Sharing XL (Mix),300,,,,
THE BUNDLES,2935325,Bundle of 12,120,,,,
THE BUNDLES.,2955192,Bundle of 4.,50,,,,
EVENT MENU ,2931189,CAPPUCINO,20,,,,
Delivery Fee,2948442,Delivery Fee AED 25,25,,,,
THE BARS,2902813,The Goldie (Served Cold),23,,,The Bars,
THE ICE CREAMS.,2956545,The Go Shawty It'S Yo B-Day (Single Serving),15,,,,
THE ICE CREAMS,2902822,The Go Shawty It'S Yo B-Day (Single Serving),15,,,The Ice Creams,
THE TINS,2902810,The Lil' Titos Triple Chocolate,85,,,The Tins,
THE LEGENDS,2902794,The Milo Cookie,18,,,The Legends,
THE XL COLLECTION ,3043016,The One For Sharing XL (The OG),300,,,,
THE BUNDLES.,2955198,Bundle of 8,90,,,,
Delivery Fee,2948810,Delivery Fee AED 30,30,,,,
EVENT MENU ,2931188,DOUBLE ESPPRESSO,15,,,,
THE LEGENDS,2902795,The B-Day Cookie,23,,,The Legends,
THE BARS,2902812,The Chookie (Served Cold),23,,,The Bars,
THE XL COLLECTION ,3031843,The One for Gifting (The OGs),200,,,,
THE TINS,2902805,The One for Sharing (OG),130,,,The Tins,
THE ICE CREAMS,2902823,The Thikr Than A Snikr (Single Serving),15,,,The Ice Creams,
THE ICE CREAMS.,2956553,The Thikr Than A Snikr (Single Serving),15,,,,
THE BUNDLES.,2955191,Bundle of 12.,120,,,,
Delivery Fee,2948443,Delivery Fee AED 35,35,,,,
EVENT MENU ,2931219,ENGLISH TEA,15,,,,
THE LEGENDS,2902796,The B-Kinder,23,,,The Legends,
THE ICE CREAMS,2902824,The Half Past Eight (Single Serving),15,,,The Ice Creams,
THE ICE CREAMS.,2956550,The Half Past Eight (Single Serving),15,,,,
THE XL COLLECTION ,3031848,The One for Gifting (The Chunky Ones),275,,,,
THE TINS,2902804,The One for Sharing (Brunette),130,,,The Tins,
THE ICE CREAMS,2902825,Bundle of 2 Ice Cream (Single Serving),28,,,The Ice Creams,
THE ICE CREAMS.,2956514,Bundle of 2 Ice Cream (Single Serving).,28,,,,
Delivery Fee,2948808,Delivery Fee AED 40,40,,,,
EVENT MENU ,2931222,GREEN TEA,15,,,,
THE LEGENDS,2902799,The Fat One Cookie 2.0,23,,,The Legends,
THE XL COLLECTION ,3038760,The One for Gifting (The Chunky Ones).,275,,,,
THE TINS,2902803,The One for Sharing Mix (OG & Brunette),130,,,The Tins,
THE ICE CREAMS,2956515,Bundle of 2 Ice Cream (Large Serving),75,,,,
THE ICE CREAMS.,2956516,Bundle of 2 Ice Cream (Large Serving).,75,,,,
Delivery Fee,2948446,Delivery Fee AED 50,50,,,,
EVENT MENU ,2931195,ICE COFFEE,20,,,,
THE XL COLLECTION ,2945434,The Cinna,23,,,,
THE TINS,2902807,The One for Sharing (The Milo),130,,,The Tins,
THE LEGENDS,2902797,The PB Cookie,23,,,The Legends,
THE ICE CREAMS.,2946961,Bundle of 5 Ice Cream (Single Serving),70,,,,
EVENT MENU ,2931192,LATTE,20,,,,
THE LEGENDS,2902800,The Chunky Road,23,,,The Legends,
BMD DROPS ,3064763,The Eggstra Bkinder ,145,,,,
BMD DROPS ,2941314,The Fistachio!,145,,,,
THE XL COLLECTION ,2984292,The Frenchie,23,,,,
BMD DROPS ,3078644,The Frenchie,23,,,,
BMD DROPS ,3091436,The Jammin’ PB,23,,,,
BMD DROPS ,3091435,The Milli,23,,,,
BMD DROPS ,3064762,The Milli Easter,23,,,,
THE TINS,2902806,The One for Sharing 'S'mores',130,,,The Tins,
EVENT MENU ,2928930,That Started It All (Single Serving),20,,,,
BMD DROPS ,2902791,The Lady In Red!,25,,,Bmd Drops,
THE LEGENDS,2902798,The Lotus Cookie,23,,,The Legends,
THE XL COLLECTION ,3021856,The Strawberry n Crème,25,,,,
EVENT MENU ,2928796,The B-Day Cookie,25,,,,
THE LEGENDS,2902801,The Oh-reo! Cookie,23,,,The Legends,
THE XL COLLECTION ,3031914,The One for Gifting (The Chunky Ones),275,,,,
EVENT MENU ,2928797,The B-Kinder,20,,,,
EVENT MENU ,2928882,The Blondie (Served Cold),20,,,,
EVENT MENU ,2928891,The Brownie (Served Cold),20,,,,
EVENT MENU ,2928928,The Brunette Love Story (Single Serving),20,,,,
EVENT MENU ,2928925,The Brunette Love Story (Single Serving),20,,,,
EVENT MENU ,2928892,The Chookie (Served Cold),20,,,,
EVENT MENU ,2928869,The Chunky Road,20,,,,
EVENT MENU ,2928893,The Goldie (Served Cold),20,,,,
EVENT MENU ,2928920,The Go Shawty It'S Yo B-Day (Single Serving),20,,,,
B2B MENU,3007669,Box of 4 Lil' Titos,18,,,,
EVENT MENU ,2928895,The Lil' Titos,75,,,,
EVENT MENU ,2931727,The Lil' Titos (10 pcs),45,,,,
EVENT MENU ,2928896,The Lil' Titos (10 pcs),45,,,,
EVENT MENU ,2928879,The Milo Cookie,20,,,,
EVENT MENU ,2928870,The OG Cookie,15,,,,
EVENT MENU ,2928918,The Thikr Than A Snikr (Single Serving),20,,,,
EVENT MENU ,2931193,TURKISH,15,,,,
EVENT MENU ,2931228,WATER,10,,,,